road_type,hour_of_day,day_of_week,weather,traffic_density,speed_limit,has_signal,num_lanes,accident_risk
residential,8,1,clear,0.79,20,0,2,0.316
lane,16,6,fog,0.81,80,0,4,0.66
highway,16,4,clear,0.7,40,1,1,0.323
residential,19,2,clear,0.33,80,0,4,0.393
residential,15,5,clear,0.92,40,0,4,0.347
lane,21,1,clear,0.7,40,1,1,0.174
highway,12,4,rain,0.6,60,1,4,0.655
highway,18,1,clear,0.2,40,0,4,0.313
residential,16,3,fog,0.5,40,1,1,0.417
main_road,3,0,clear,0.51,30,1,4,0.426
residential,11,5,clear,0.88,20,1,2,0.18
residential,8,1,rain,0.59,60,0,4,0.558
residential,18,0,rain,0.44,60,0,2,0.595
residential,11,4,clear,0.98,60,0,4,0.378
lane,8,0,clear,0.2,30,1,1,0.107
highway,6,5,clear,0.48,40,0,1,0.399
lane,13,1,rain,0.14,20,1,4,0.252
lane,19,3,rain,0.77,80,0,1,0.633
lane,18,6,clear,0.93,40,0,4,0.289
residential,14,4,fog,0.35,30,1,1,0.438
main_road,15,1,fog,0.87,40,0,2,0.633
highway,20,5,rain,0.36,40,1,4,0.495
main_road,4,4,fog,0.92,30,0,2,0.831
lane,2,2,clear,0.78,60,0,2,0.56
lane,11,0,clear,0.82,60,1,4,0.25
main_road,19,6,clear,0.12,20,1,2,0.149
main_road,20,5,clear,0.97,20,1,4,0.244
main_road,3,2,rain,0.75,60,0,2,0.9
lane,20,1,fog,0.37,80,0,4,0.637
lane,22,3,clear,0.85,40,0,4,0.456
highway,15,4,clear,0.35,80,1,1,0.415
highway,6,0,clear,0.89,40,1,4,0.375
lane,12,4,fog,0.2,60,1,4,0.435
main_road,20,6,clear,0.73,20,0,2,0.312
main_road,9,1,rain,0.59,20,0,4,0.485
highway,6,4,clear,0.19,80,1,1,0.372
lane,13,0,clear,0.32,20,0,2,0.115
highway,4,1,fog,0.11,60,1,2,0.733
highway,2,4,fog,0.52,80,0,1,0.896
residential,22,3,clear,0.37,40,0,2,0.388
residential,10,5,fog,0.64,20,1,2,0.408
residential,10,1,rain,0.37,30,0,2,0.444
main_road,17,5,fog,0.37,20,0,2,0.528
lane,14,1,clear,0.77,40,1,1,0.168
lane,11,3,rain,0.14,80,1,1,0.405
lane,8,5,clear,0.91,40,0,2,0.339
lane,9,2,rain,0.87,30,1,2,0.399
residential,11,0,clear,0.7,60,0,1,0.416
main_road,16,2,clear,0.63,20,1,1,0.208
main_road,5,4,clear,0.9,80,0,1,0.692
residential,6,3,rain,0.27,60,0,2,0.537
main_road,13,2,clear,0.17,40,1,2,0.174
residential,12,1,rain,0.32,80,0,4,0.657
lane,7,4,fog,0.82,60,0,1,0.664
residential,9,4,clear,0.13,80,1,2,0.301
lane,8,2,rain,0.62,30,1,1,0.32
lane,17,2,clear,1.0,30,0,2,0.315
highway,1,3,fog,0.87,20,1,1,0.732
residential,4,0,clear,0.57,20,1,2,0.249
highway,4,2,rain,0.16,30,0,4,0.886
residential,5,6,fog,0.85,80,0,4,0.808
residential,18,2,fog,0.64,30,1,1,0.468
highway,7,5,rain,0.2,20,1,2,0.451
highway,15,1,clear,0.18,30,1,2,0.216
residential,12,6,rain,0.92,30,0,1,0.526
main_road,0,6,fog,0.7,80,0,2,0.932
lane,21,5,rain,0.85,60,0,1,0.639
highway,19,5,clear,0.89,20,0,2,0.385
lane,16,4,fog,0.61,80,0,1,0.61
main_road,6,0,rain,0.57,30,0,2,0.512
main_road,12,1,rain,0.49,30,0,1,0.455
main_road,3,3,clear,0.39,60,1,2,0.482
highway,3,6,rain,0.49,20,1,4,0.715
main_road,5,3,clear,0.8,20,0,2,0.474
highway,18,2,rain,0.64,40,0,1,0.657
main_road,11,2,clear,0.9,20,0,4,0.332
lane,21,3,rain,0.5,60,1,2,0.443
lane,6,2,fog,0.65,40,0,4,0.481
residential,9,0,clear,0.67,40,1,2,0.264
lane,18,5,fog,0.63,30,1,4,0.402
residential,6,2,clear,0.73,30,1,1,0.2
lane,2,4,fog,0.31,20,1,2,0.464
highway,12,2,rain,0.56,40,1,2,0.458
lane,12,1,rain,0.19,30,0,1,0.377
residential,17,0,rain,0.45,60,0,4,0.549
residential,19,1,fog,0.54,30,1,1,0.374
main_road,7,1,clear,0.69,30,0,1,0.32
highway,8,4,clear,0.96,40,1,4,0.364
lane,6,0,rain,0.64,40,1,1,0.347
main_road,0,0,fog,0.77,80,0,2,0.819
lane,2,0,rain,0.56,60,0,2,0.715
lane,12,0,rain,0.67,40,0,2,0.47
main_road,16,0,clear,0.16,20,0,1,0.146
main_road,23,4,fog,0.33,60,0,2,0.872
main_road,0,2,clear,0.43,60,1,2,0.502
main_road,5,1,rain,0.53,40,0,2,0.691
main_road,20,0,clear,0.14,60,0,2,0.325
lane,5,6,clear,0.23,40,0,2,0.376
main_road,11,2,clear,0.35,30,1,2,0.204
highway,12,2,clear,0.97,80,0,1,0.617
residential,12,1,rain,0.4,30,1,2,0.32
main_road,14,4,clear,0.53,40,0,2,0.398
main_road,20,3,clear,0.28,40,0,4,0.298
lane,15,3,clear,0.65,30,1,1,0.168
main_road,21,2,clear,0.35,20,0,1,0.233
main_road,20,5,clear,0.29,20,0,1,0.362
main_road,10,5,clear,0.56,20,1,1,0.224
lane,4,1,rain,0.1,40,0,2,0.655
main_road,3,3,rain,0.11,60,1,2,0.637
residential,2,2,rain,0.3,40,1,4,0.498
lane,18,4,clear,0.13,60,1,4,0.19
residential,19,3,clear,0.2,30,1,1,0.16
lane,17,2,fog,0.4,80,1,4,0.525
main_road,14,2,rain,0.82,60,0,4,0.686
residential,8,0,clear,0.61,20,0,1,0.284
lane,16,4,clear,0.56,40,0,1,0.219
highway,13,0,clear,0.36,30,1,4,0.205
main_road,14,1,clear,0.94,20,1,2,0.222
lane,0,0,clear,0.46,30,1,4,0.268
highway,20,6,rain,0.18,80,1,4,0.568
lane,21,0,rain,0.66,40,0,2,0.435
highway,21,6,rain,0.2,40,0,2,0.586
main_road,2,3,rain,0.41,80,1,1,0.723
residential,15,5,fog,0.56,40,1,1,0.466
highway,22,2,rain,0.89,60,0,4,1.0
lane,10,6,fog,0.54,30,1,2,0.36
main_road,11,4,clear,0.73,20,1,1,0.188
highway,9,0,clear,0.99,80,1,4,0.536
lane,15,6,clear,0.22,60,0,2,0.242
lane,7,4,rain,0.35,20,0,4,0.373
lane,5,5,fog,0.46,20,1,1,0.548
highway,11,5,clear,0.48,80,0,1,0.509
highway,23,0,fog,0.47,60,1,2,0.796
highway,20,1,clear,0.92,20,1,4,0.323
residential,7,0,fog,0.74,20,0,2,0.536
highway,3,3,clear,0.65,60,1,1,0.552
highway,7,6,clear,0.38,40,1,1,0.278
highway,17,2,clear,0.84,20,0,4,0.39
residential,4,1,clear,0.96,30,1,4,0.366
highway,8,0,clear,0.84,60,1,4,0.415
lane,3,4,clear,0.1,20,1,2,0.154
highway,21,1,fog,0.67,80,0,4,0.841
lane,16,6,rain,0.15,30,1,4,0.198
lane,8,1,clear,0.33,20,0,1,0.181
lane,0,6,rain,0.15,30,1,1,0.43
residential,20,0,rain,0.64,30,1,4,0.4
residential,19,6,clear,0.72,40,1,4,0.274
residential,12,1,clear,0.2,30,1,1,0.112
highway,15,4,clear,0.45,40,0,4,0.403
lane,12,5,clear,0.51,60,0,2,0.245
residential,13,1,rain,0.43,40,1,2,0.373
residential,2,6,clear,0.21,80,1,2,0.466
highway,5,5,rain,0.48,20,1,4,0.681
residential,17,6,rain,0.78,60,1,1,0.511
highway,18,4,clear,0.16,60,1,4,0.284
main_road,4,6,rain,0.17,80,1,4,0.671
residential,14,0,clear,0.42,40,1,1,0.163
main_road,1,2,fog,0.95,20,1,1,0.605
highway,9,1,clear,0.7,40,0,1,0.445
lane,23,2,fog,0.71,30,0,2,0.648
residential,17,6,rain,0.43,40,0,4,0.514
highway,12,4,clear,0.63,60,1,1,0.414
lane,4,1,rain,0.11,20,1,4,0.428
lane,22,6,fog,0.67,40,1,2,0.581
main_road,23,5,rain,0.92,20,0,2,0.751
highway,0,3,fog,0.65,20,1,1,0.621
lane,21,6,fog,0.89,30,0,1,0.564
residential,0,2,clear,0.75,30,1,4,0.375
residential,17,1,clear,0.21,60,0,1,0.328
main_road,14,2,rain,0.91,80,0,4,0.754
lane,16,1,clear,0.16,20,0,1,0.098
highway,10,6,fog,0.58,80,1,4,0.639
residential,20,0,fog,0.23,60,0,4,0.64
lane,21,5,clear,0.11,20,1,4,0.022
lane,16,6,clear,0.48,20,1,4,0.077
main_road,12,2,rain,0.37,80,1,2,0.511
residential,0,3,clear,0.54,40,1,4,0.297
residential,1,3,fog,0.62,30,1,1,0.583
highway,8,4,clear,0.14,40,0,2,0.332
residential,2,1,rain,0.21,80,1,2,0.632
highway,0,2,clear,0.6,30,1,4,0.437
residential,20,4,rain,0.41,40,1,2,0.486
main_road,15,2,clear,0.76,30,1,4,0.244
residential,22,1,rain,0.69,20,1,1,0.579
highway,5,6,clear,0.86,40,0,4,0.67
highway,16,6,rain,0.72,30,0,2,0.632
main_road,4,3,fog,0.49,30,1,1,0.608
residential,4,6,clear,0.71,30,0,4,0.396
residential,5,6,clear,0.35,40,0,1,0.447
main_road,2,0,clear,0.38,60,1,1,0.485
residential,20,3,rain,0.81,40,0,2,0.616
residential,22,4,rain,0.5,80,1,1,0.637
highway,4,5,rain,0.82,40,0,2,0.938
residential,20,0,clear,0.84,30,0,1,0.282
residential,4,4,clear,0.87,20,0,4,0.418
main_road,9,1,rain,0.92,40,1,1,0.54
main_road,9,0,clear,0.49,40,0,4,0.321
lane,18,4,fog,0.39,30,0,4,0.419
highway,16,1,clear,0.62,20,1,1,0.287
residential,20,3,rain,0.43,20,1,4,0.345
residential,13,5,clear,0.64,80,0,1,0.46
lane,8,1,clear,0.74,40,1,1,0.16
residential,13,6,rain,0.72,20,0,4,0.522
highway,0,2,rain,0.44,20,0,4,0.829
lane,18,1,fog,0.25,60,1,2,0.52
highway,12,1,clear,0.49,60,1,4,0.367
lane,12,5,clear,0.23,20,1,2,0.0
lane,3,2,rain,0.9,80,0,4,0.69
main_road,0,6,rain,0.41,20,1,1,0.549
highway,16,4,clear,0.24,30,0,4,0.382
residential,7,4,clear,0.12,40,1,1,0.112
residential,1,1,clear,0.68,80,0,1,0.686
highway,7,2,fog,0.67,30,1,1,0.611
residential,6,2,clear,0.41,80,0,2,0.42
residential,1,6,clear,0.16,30,1,4,0.289
highway,21,5,clear,0.47,40,0,1,0.431
lane,21,3,clear,0.38,40,1,1,0.208
highway,2,4,clear,0.71,60,1,2,0.571
lane,17,5,rain,0.65,30,0,4,0.449
residential,11,0,clear,0.43,60,1,4,0.279
residential,0,4,fog,0.3,30,0,2,0.66
residential,21,5,clear,0.99,60,0,2,0.473
main_road,11,4,rain,0.51,40,1,4,0.389
lane,4,3,fog,0.72,80,0,2,0.821
main_road,16,0,rain,0.23,60,1,4,0.49
main_road,15,3,rain,0.54,30,1,4,0.422
highway,14,6,clear,0.12,30,0,1,0.343
main_road,22,0,clear,0.55,40,1,1,0.484
highway,14,1,rain,0.97,30,0,4,0.645
highway,4,5,fog,0.45,20,0,4,0.758
main_road,20,0,rain,0.14,80,1,4,0.585
lane,13,6,rain,0.13,60,1,4,0.363
lane,1,6,rain,0.45,80,0,4,0.682
lane,10,3,clear,0.24,40,0,4,0.236
lane,18,4,clear,0.12,60,1,2,0.067
lane,6,0,rain,0.78,60,1,4,0.363
main_road,5,5,fog,0.51,20,1,2,0.602
main_road,1,0,clear,0.36,40,1,2,0.285
residential,5,2,rain,0.91,30,0,4,0.628
lane,17,4,clear,0.2,20,1,4,0.027
main_road,1,5,rain,0.96,20,0,2,0.678
residential,17,5,clear,0.38,80,0,2,0.401
lane,14,1,clear,0.9,80,1,4,0.38
highway,18,3,rain,0.64,80,0,4,0.756
residential,1,1,clear,0.84,20,1,2,0.305
main_road,19,5,rain,0.99,30,0,2,0.646
highway,5,4,rain,0.36,60,1,2,0.784
highway,0,0,fog,0.97,80,0,1,1.0
highway,23,0,clear,0.45,30,0,2,0.45
residential,14,4,clear,0.45,40,1,1,0.203
main_road,22,5,clear,0.41,80,1,4,0.499
highway,9,6,fog,0.59,60,0,4,0.769
lane,18,0,fog,0.24,40,0,2,0.49
highway,16,6,rain,0.6,40,1,4,0.492
highway,4,0,fog,0.59,60,0,4,0.845
residential,3,0,rain,0.79,80,1,4,0.706
residential,9,3,rain,0.85,20,0,4,0.565
main_road,23,3,clear,0.5,60,1,1,0.527
lane,16,2,rain,0.37,60,0,1,0.454
residential,9,1,clear,0.33,60,1,2,0.269
highway,16,4,fog,0.28,40,1,2,0.448
main_road,19,4,rain,0.15,30,0,2,0.448
highway,23,4,rain,0.41,20,1,4,0.687
highway,4,2,clear,0.34,80,0,4,0.694
residential,1,3,clear,0.97,80,1,1,0.494
main_road,5,5,clear,0.6,30,1,1,0.401
lane,20,6,clear,0.41,60,1,2,0.199
lane,1,6,clear,0.62,20,0,1,0.348
residential,12,5,fog,0.23,80,1,1,0.601
residential,10,2,rain,0.5,80,0,1,0.695
main_road,10,5,clear,0.66,60,1,1,0.331
lane,15,4,clear,0.54,30,0,1,0.211
lane,10,1,clear,0.46,20,0,2,0.121
lane,18,0,rain,0.99,30,0,2,0.492
highway,14,6,rain,0.89,30,1,1,0.605
lane,22,3,fog,0.66,20,0,2,0.606
highway,22,3,clear,0.61,20,1,4,0.433
main_road,15,2,fog,0.66,80,0,1,0.693
highway,10,3,fog,0.28,80,0,4,0.725
main_road,21,4,clear,0.46,20,0,2,0.3
lane,15,6,fog,0.14,40,0,2,0.45
lane,7,5,clear,0.53,80,1,4,0.312
main_road,3,4,fog,0.59,40,0,2,0.739
residential,7,2,clear,0.3,20,0,1,0.138
main_road,3,4,fog,0.97,80,1,4,0.89
residential,23,5,fog,0.92,30,0,1,0.694
highway,2,1,fog,0.75,20,0,4,0.795
highway,2,2,rain,0.58,60,0,2,0.993
highway,17,1,clear,0.88,40,0,4,0.39
lane,18,0,clear,0.22,20,1,4,0.087
highway,18,1,clear,0.81,20,1,1,0.261
residential,20,0,clear,0.21,80,0,2,0.384
highway,4,0,rain,0.81,80,1,1,0.957
main_road,17,1,clear,0.35,80,1,2,0.417
main_road,9,2,fog,0.89,60,0,1,0.775
lane,21,5,rain,0.95,80,1,4,0.47
main_road,20,4,fog,0.23,20,0,1,0.587
residential,5,4,clear,0.52,80,1,2,0.451
highway,0,5,fog,0.98,30,1,2,0.825
lane,4,6,fog,0.54,80,1,4,0.671
highway,8,6,clear,0.88,60,0,2,0.506
highway,11,0,rain,0.63,30,1,1,0.478
residential,13,0,rain,0.44,20,0,4,0.412
main_road,1,2,clear,0.36,20,0,2,0.517
main_road,16,3,rain,0.28,40,1,2,0.414
highway,13,1,clear,0.79,30,0,1,0.4
lane,12,0,clear,0.45,40,1,1,0.146
main_road,8,4,clear,0.56,30,0,4,0.289
lane,14,2,clear,0.54,30,0,2,0.289
main_road,21,1,clear,0.62,60,1,1,0.272
lane,14,2,clear,0.88,40,1,4,0.182
residential,23,1,fog,0.98,60,1,2,0.772
lane,10,1,rain,0.47,30,1,2,0.316
residential,15,5,fog,0.84,20,0,4,0.56
residential,16,0,clear,0.79,30,0,4,0.374
lane,3,2,clear,0.62,60,0,1,0.521
residential,0,2,rain,0.96,40,1,2,0.624
highway,7,5,clear,0.28,40,0,2,0.451
residential,16,4,clear,0.2,60,1,2,0.192
main_road,2,4,rain,0.87,40,0,4,0.751
lane,19,6,clear,0.5,80,1,1,0.274
highway,14,0,rain,0.86,20,0,2,0.587
lane,14,0,rain,0.9,20,0,4,0.405
main_road,23,3,clear,0.16,20,1,2,0.223
main_road,21,5,clear,0.9,40,0,1,0.427
main_road,13,4,rain,0.5,40,1,2,0.425
residential,22,1,clear,0.56,30,0,1,0.504
residential,13,2,clear,0.66,30,0,1,0.29
lane,23,0,fog,0.93,20,1,2,0.542
lane,1,2,clear,0.12,80,1,2,0.412
highway,12,2,rain,0.53,30,0,1,0.589
highway,13,3,fog,0.72,30,0,4,0.645
lane,23,4,clear,0.75,40,0,1,0.412
residential,18,0,clear,0.72,80,0,2,0.604
main_road,6,2,clear,0.22,20,0,2,0.26
lane,2,0,clear,0.37,30,0,4,0.393
highway,14,1,clear,0.42,80,1,1,0.372
residential,22,3,rain,0.82,80,1,1,0.7
lane,13,1,clear,0.35,20,1,1,0.149
lane,10,0,rain,0.29,80,0,2,0.599
residential,14,6,fog,0.96,80,0,1,0.762
lane,12,0,fog,0.11,80,0,4,0.551
residential,17,4,rain,1.0,30,1,2,0.434
main_road,5,2,clear,0.71,20,1,2,0.342
residential,2,2,rain,0.85,80,0,1,0.781
residential,18,1,rain,0.37,80,0,4,0.642
residential,14,3,clear,0.11,30,1,2,0.132
lane,22,6,clear,0.76,20,1,2,0.306
lane,4,5,fog,0.85,40,1,1,0.589
residential,9,2,clear,0.77,30,0,1,0.319
lane,6,4,clear,0.23,20,0,4,0.13
highway,16,1,clear,0.78,80,0,1,0.538
highway,6,1,clear,0.79,20,1,4,0.348
lane,21,5,fog,0.69,20,1,2,0.371
lane,11,4,rain,0.79,20,0,4,0.451
residential,16,3,rain,0.86,40,0,4,0.587
main_road,12,4,clear,0.65,20,1,4,0.215
lane,19,3,clear,0.18,40,0,2,0.212
highway,3,4,clear,0.54,80,1,1,0.538
residential,9,4,clear,0.17,40,1,2,0.115
lane,2,0,clear,0.47,80,0,1,0.483
highway,8,1,rain,0.47,80,1,4,0.645
highway,12,4,clear,0.16,40,0,4,0.352
main_road,17,5,rain,0.41,30,1,4,0.369
residential,14,4,clear,0.2,60,1,4,0.241
residential,3,2,clear,0.83,20,0,4,0.459
main_road,14,1,clear,0.95,60,1,1,0.352
main_road,21,2,fog,0.17,20,0,1,0.487
residential,1,1,fog,0.96,20,0,4,0.728
residential,14,2,fog,0.57,80,1,2,0.551
lane,7,4,clear,0.37,20,0,2,0.191
lane,7,4,clear,0.17,20,0,4,0.15
main_road,16,0,rain,0.55,40,0,1,0.518
lane,11,5,clear,0.82,60,0,2,0.369
highway,18,2,fog,0.74,40,0,2,0.701
lane,9,3,clear,0.15,20,0,2,0.11
lane,8,0,clear,0.17,80,1,4,0.204
highway,4,2,clear,0.46,40,0,2,0.504
main_road,5,2,clear,0.37,40,1,2,0.363
highway,19,0,rain,0.31,30,1,2,0.44
lane,1,4,clear,0.35,20,0,2,0.293
main_road,23,2,clear,0.82,80,1,1,0.514
lane,12,4,clear,0.94,40,1,4,0.188
highway,5,0,clear,0.46,40,0,4,0.527
highway,4,4,rain,0.92,80,0,1,1.0
lane,0,1,fog,0.39,20,0,1,0.595
residential,20,3,fog,0.53,30,1,4,0.457
residential,21,6,rain,0.3,40,1,2,0.34
highway,20,2,clear,0.68,30,0,2,0.401
highway,5,5,rain,0.98,60,0,4,0.938
residential,5,3,clear,0.64,20,1,2,0.326
residential,22,6,clear,0.42,60,1,1,0.425
lane,15,4,fog,0.68,60,1,2,0.475
lane,3,2,clear,0.21,60,1,2,0.331
residential,10,4,fog,0.9,20,0,2,0.487
lane,23,1,clear,0.55,20,1,4,0.213
lane,22,0,rain,0.5,80,1,1,0.656
main_road,8,2,rain,0.63,30,1,2,0.459
lane,22,6,fog,0.66,30,1,4,0.526
highway,2,6,rain,0.16,80,0,2,1.0
lane,18,1,rain,0.71,80,0,1,0.612
lane,7,1,clear,0.32,60,1,2,0.165
residential,4,2,rain,0.74,80,1,1,0.704
highway,3,4,clear,0.84,40,0,2,0.583
lane,23,5,rain,0.82,30,0,1,0.569
lane,5,6,rain,0.6,80,1,2,0.69
main_road,1,6,rain,0.57,40,1,1,0.588
lane,19,1,clear,0.23,40,0,2,0.176
lane,10,3,clear,0.8,40,0,2,0.234
main_road,3,1,rain,0.34,40,0,4,0.571
residential,14,5,clear,0.55,60,0,4,0.398
lane,5,4,clear,0.36,40,0,1,0.411
main_road,21,4,clear,0.22,60,0,2,0.418
highway,16,3,fog,0.67,60,1,1,0.632
residential,23,6,rain,0.15,40,0,4,0.585
highway,5,1,clear,0.77,30,0,1,0.539
highway,18,4,clear,0.39,40,0,1,0.367
main_road,1,5,clear,0.1,40,0,4,0.485
lane,14,2,rain,0.56,40,1,2,0.358
main_road,10,0,rain,0.14,30,1,1,0.38
main_road,7,0,clear,0.35,20,0,4,0.247
main_road,18,0,clear,0.74,20,1,2,0.276
main_road,12,6,clear,0.16,60,1,4,0.185
residential,11,1,rain,0.86,60,1,1,0.468
lane,4,3,rain,0.1,30,1,2,0.424
highway,5,4,clear,0.32,80,1,2,0.618
highway,21,2,clear,0.77,20,1,4,0.269
lane,3,5,clear,0.38,60,0,4,0.411
highway,18,2,fog,0.19,20,0,4,0.581
lane,19,5,clear,0.42,30,0,2,0.22
highway,0,6,rain,0.34,30,0,2,0.896
main_road,19,1,rain,0.86,80,0,1,0.677
highway,16,0,clear,0.38,80,1,2,0.455
lane,11,1,clear,0.81,30,0,1,0.203
lane,14,6,clear,0.9,60,0,4,0.361
lane,0,3,rain,0.49,20,1,4,0.453
lane,13,3,rain,0.92,40,1,2,0.42
lane,5,6,rain,0.44,80,0,4,0.758
residential,4,5,rain,0.97,40,1,4,0.547
residential,10,4,clear,0.18,60,1,2,0.22
highway,3,4,fog,0.72,80,1,1,0.906
lane,12,5,rain,0.54,40,1,2,0.358
highway,10,3,clear,0.45,60,0,1,0.409
lane,2,3,fog,0.67,20,1,2,0.553
lane,0,3,rain,0.73,60,0,2,0.671
residential,5,1,rain,0.1,80,0,4,0.682
residential,17,3,rain,0.25,30,1,2,0.293
main_road,23,2,fog,0.74,20,1,2,0.616
residential,9,0,rain,0.7,40,1,1,0.437
main_road,4,3,clear,0.97,80,0,4,0.645
main_road,22,5,clear,0.78,30,1,1,0.368
main_road,9,0,fog,0.96,60,1,1,0.604
main_road,11,1,clear,0.73,30,1,4,0.215
main_road,1,5,clear,0.37,80,1,4,0.507
highway,12,0,clear,0.19,80,1,4,0.393
residential,7,5,clear,0.8,30,0,2,0.323
main_road,1,1,rain,0.68,60,1,4,0.699
lane,19,2,fog,0.14,30,1,4,0.382
residential,0,1,clear,0.42,80,1,4,0.48
residential,4,1,clear,0.96,80,0,1,0.675
main_road,8,5,clear,0.55,40,1,1,0.241
highway,16,6,fog,0.49,40,0,2,0.686
main_road,8,4,rain,0.51,20,0,1,0.471
highway,10,3,clear,0.29,80,1,2,0.41
lane,14,3,fog,0.43,40,1,1,0.335
residential,23,2,fog,0.43,30,1,4,0.565
lane,5,2,fog,0.15,60,0,1,0.621
highway,22,3,fog,0.79,30,0,2,0.85
highway,2,4,clear,0.47,60,0,1,0.643
lane,16,3,rain,0.84,40,0,4,0.482
highway,4,6,clear,0.87,20,0,2,0.625
lane,11,4,fog,0.29,30,0,4,0.426
residential,17,2,rain,0.69,30,1,4,0.333
lane,13,0,rain,0.53,30,1,2,0.292
residential,20,5,rain,0.89,60,0,4,0.579
lane,23,6,clear,0.29,40,1,4,0.284
highway,10,6,rain,0.71,30,1,1,0.451
lane,8,2,fog,0.65,30,0,4,0.47
highway,1,2,fog,0.37,20,0,4,0.731
lane,11,1,clear,0.22,20,1,4,0.051
lane,2,6,clear,0.69,40,0,4,0.428
main_road,2,1,clear,0.76,40,0,2,0.544
highway,0,1,rain,0.38,80,1,1,0.892
main_road,7,5,fog,0.68,20,0,4,0.5
highway,21,1,clear,0.46,80,1,4,0.403
main_road,7,4,rain,0.74,60,1,2,0.567
residential,10,3,fog,0.28,80,1,4,0.537
lane,8,0,rain,0.9,30,1,2,0.394
highway,4,2,rain,0.36,80,1,1,0.881
highway,13,4,rain,0.43,40,0,1,0.629
lane,2,0,rain,0.15,60,0,4,0.508
highway,20,6,clear,0.2,30,0,4,0.329
highway,4,6,rain,0.56,80,0,4,1.0
main_road,4,6,rain,0.34,60,1,2,0.698
highway,18,4,fog,0.85,60,1,4,0.656
residential,13,4,rain,0.11,30,0,4,0.357
residential,3,2,rain,0.44,80,1,1,0.721
lane,12,3,clear,0.4,60,0,4,0.295
highway,9,1,clear,0.12,60,0,1,0.399
lane,17,6,clear,0.21,20,0,4,0.108
residential,7,5,clear,0.47,60,1,1,0.208
highway,7,3,rain,0.54,20,1,4,0.466
highway,6,5,fog,0.46,80,1,1,0.696
lane,7,2,clear,0.58,80,1,2,0.295
residential,13,2,clear,0.64,80,0,1,0.415
highway,18,2,fog,0.11,40,1,1,0.449
lane,5,0,clear,0.52,80,1,1,0.371
residential,0,5,rain,0.97,60,1,4,0.661
lane,22,3,rain,0.57,30,0,4,0.539
main_road,14,3,rain,0.71,20,0,4,0.451
highway,0,4,clear,0.38,40,1,2,0.458
main_road,16,4,clear,0.8,80,1,2,0.367
residential,0,6,rain,0.8,80,1,1,0.759
main_road,14,4,rain,0.57,30,1,2,0.445
main_road,22,2,clear,0.98,30,0,1,0.553
residential,1,3,rain,0.21,40,1,1,0.573
lane,13,5,clear,0.12,20,1,1,0.0
main_road,20,2,rain,0.79,80,1,2,0.653
lane,7,0,clear,0.83,40,0,4,0.288
main_road,7,4,fog,0.21,60,0,2,0.722
lane,18,2,clear,0.34,60,1,1,0.173
residential,6,2,clear,0.12,40,1,1,0.121
main_road,18,0,clear,0.36,80,1,2,0.371
residential,5,1,clear,0.8,40,1,1,0.387
main_road,5,3,fog,0.57,80,1,1,0.755
residential,2,5,fog,0.41,30,0,2,0.616
residential,6,6,clear,0.43,40,0,2,0.348
main_road,18,1,clear,0.1,80,0,2,0.368
main_road,7,4,rain,0.37,40,1,1,0.439
main_road,9,2,fog,0.68,40,0,1,0.669
highway,19,0,rain,0.98,80,0,4,0.841
lane,14,0,clear,0.86,80,0,4,0.405
highway,14,3,clear,0.12,20,1,2,0.172
highway,0,1,rain,0.91,40,1,4,0.845
residential,19,6,clear,0.8,60,0,1,0.346
main_road,6,3,rain,0.8,40,1,4,0.517
lane,3,2,clear,0.51,40,0,1,0.403
residential,5,3,rain,0.46,80,0,2,0.827
highway,0,5,clear,0.37,40,0,2,0.498
main_road,4,0,rain,0.16,40,0,1,0.693
residential,22,0,clear,0.31,60,1,4,0.43
main_road,0,4,rain,0.32,80,1,2,0.7
residential,3,4,clear,0.54,40,1,2,0.269
main_road,21,6,rain,0.77,30,1,4,0.439
highway,1,2,rain,0.53,20,0,4,0.913
lane,9,5,rain,0.15,60,1,1,0.372
highway,4,1,rain,0.96,40,0,4,0.997
lane,9,3,rain,0.95,30,1,4,0.383
main_road,0,6,fog,0.81,40,1,4,0.688
residential,21,2,clear,0.99,40,1,1,0.199
highway,5,4,fog,0.59,80,0,1,0.97
lane,12,3,clear,0.97,80,0,2,0.489
highway,14,4,clear,0.17,80,0,1,0.437
lane,3,3,clear,0.43,30,0,2,0.351
highway,12,1,clear,0.3,40,1,4,0.257
lane,23,2,rain,0.28,20,0,2,0.521
lane,19,3,rain,0.23,60,0,2,0.45
main_road,23,5,rain,0.66,80,1,4,0.786
lane,14,6,rain,0.8,80,1,2,0.523
main_road,7,0,clear,0.62,40,0,1,0.266
lane,4,5,clear,0.23,40,1,1,0.277
residential,14,5,clear,0.83,30,0,1,0.358
residential,3,6,clear,0.67,30,1,1,0.298
residential,11,0,clear,0.45,80,0,2,0.434
lane,12,5,clear,0.71,40,0,2,0.355
main_road,1,3,rain,0.33,20,0,4,0.616
main_road,18,3,rain,0.41,60,0,2,0.645
lane,18,3,fog,0.93,40,0,2,0.547
residential,3,0,fog,0.36,40,1,2,0.578
residential,3,5,rain,0.52,30,0,4,0.614
main_road,10,0,clear,0.9,60,0,1,0.457
residential,4,3,rain,0.74,80,0,2,0.805
highway,19,6,rain,0.16,40,0,4,0.484
main_road,10,5,clear,0.23,80,0,4,0.421
residential,9,5,clear,0.11,40,1,4,0.195
main_road,7,4,fog,0.67,80,1,1,0.612
highway,5,4,clear,0.5,60,0,2,0.57
main_road,5,1,rain,0.22,30,1,4,0.529
main_road,7,2,rain,0.96,60,0,1,0.686
main_road,22,4,clear,0.58,20,1,4,0.365
main_road,14,0,clear,0.32,30,1,4,0.187
highway,13,4,clear,0.55,60,0,4,0.473
lane,10,1,clear,0.71,20,1,4,0.105
main_road,11,5,clear,0.17,40,1,4,0.149
main_road,12,1,fog,0.35,40,0,1,0.575
residential,7,5,clear,0.83,80,0,2,0.503
main_road,17,6,rain,0.51,30,1,2,0.441
residential,0,6,clear,0.59,40,1,2,0.294
lane,14,5,fog,0.49,30,1,2,0.377
highway,7,2,clear,0.14,40,0,1,0.31
highway,10,4,clear,0.25,80,1,1,0.443
lane,11,0,fog,0.5,60,1,1,0.476
highway,11,0,fog,0.29,80,1,4,0.679
lane,3,3,clear,0.14,20,0,4,0.284
lane,15,5,fog,0.86,40,0,4,0.551
lane,3,0,clear,0.98,20,0,2,0.469
highway,4,2,clear,0.81,20,0,4,0.573
residential,23,5,clear,0.87,30,1,2,0.379
lane,4,2,clear,0.32,40,0,4,0.365
main_road,7,0,rain,0.96,20,1,2,0.388
highway,9,0,clear,0.28,60,1,4,0.342
lane,16,3,clear,0.96,20,1,4,0.151
lane,8,0,rain,1.0,60,1,1,0.51
main_road,21,5,rain,0.74,30,0,4,0.589
residential,18,6,clear,0.98,20,0,4,0.359
residential,13,5,rain,0.61,80,0,1,0.655
residential,7,5,clear,0.33,30,0,2,0.201
lane,8,3,rain,0.49,60,0,1,0.425
lane,21,3,rain,0.63,30,1,1,0.305
lane,10,0,fog,0.17,20,0,2,0.441
highway,22,1,clear,0.66,40,0,4,0.647
main_road,0,1,clear,0.98,40,0,2,0.562
lane,13,3,clear,0.27,60,0,4,0.22
main_road,4,0,clear,0.81,60,1,4,0.483
main_road,20,1,clear,0.92,40,1,2,0.359
residential,13,0,fog,0.95,60,1,1,0.556
highway,3,0,clear,0.96,30,1,2,0.511
lane,21,0,clear,0.57,80,1,4,0.292
residential,22,4,rain,0.98,80,0,2,0.875
residential,0,5,clear,0.78,30,1,2,0.433
lane,21,0,rain,0.25,80,1,4,0.461
main_road,22,4,clear,0.53,20,1,1,0.348
residential,18,3,clear,0.75,30,0,2,0.383
main_road,7,1,clear,0.32,60,0,4,0.399
highway,14,5,clear,0.68,30,1,4,0.264
main_road,20,6,fog,0.7,40,0,2,0.657
highway,14,1,clear,0.25,60,0,1,0.443
main_road,8,5,rain,0.61,40,1,2,0.454
residential,20,6,clear,0.79,60,0,1,0.385
residential,8,1,clear,0.55,80,0,1,0.421
highway,9,5,fog,0.11,30,0,1,0.539
lane,19,1,clear,0.11,20,1,1,0.018
highway,20,1,rain,0.42,60,1,2,0.517
highway,8,6,fog,0.93,60,1,4,0.692
main_road,2,1,rain,0.31,40,0,4,0.684
main_road,19,1,fog,0.67,80,1,4,0.664
highway,10,6,clear,0.3,40,0,4,0.368
residential,5,3,clear,0.39,40,0,4,0.426
main_road,1,0,clear,0.86,80,0,4,0.737
lane,6,2,rain,0.76,20,1,2,0.329
main_road,17,4,fog,0.19,40,1,1,0.504
main_road,1,2,clear,0.49,40,1,4,0.359
lane,16,2,rain,0.13,60,1,2,0.381
highway,10,5,clear,0.53,80,0,4,0.5
lane,11,0,rain,0.7,30,1,4,0.327
highway,18,5,clear,0.21,20,0,1,0.278
highway,21,0,fog,0.36,20,1,1,0.448
highway,23,6,rain,0.46,80,1,1,0.9
lane,6,6,clear,0.93,60,1,4,0.326
highway,19,0,clear,0.99,60,0,4,0.538
residential,5,1,clear,0.14,80,0,4,0.53
lane,20,3,clear,0.78,60,0,1,0.336
residential,23,1,clear,0.43,20,0,2,0.411
highway,0,3,fog,0.45,20,0,4,0.744
main_road,16,5,rain,0.78,30,1,4,0.448
highway,10,3,rain,0.93,80,0,4,0.726
residential,21,5,clear,0.96,40,0,2,0.378
residential,17,6,fog,0.62,40,0,4,0.591
lane,20,2,rain,0.42,30,0,2,0.368
main_road,16,6,clear,0.81,30,1,4,0.253
lane,6,6,rain,0.33,60,0,2,0.508
residential,16,2,rain,0.61,30,1,4,0.322
highway,19,3,clear,0.42,30,1,1,0.231
main_road,8,3,clear,0.69,40,1,1,0.294
highway,16,5,clear,0.32,60,0,1,0.48
highway,19,1,clear,0.27,30,1,1,0.322
main_road,21,5,fog,0.93,30,0,4,0.712
lane,21,1,fog,0.19,60,0,1,0.522
highway,7,6,rain,0.56,80,0,2,0.715
residential,16,2,clear,0.3,60,0,1,0.369
highway,6,6,clear,0.14,40,0,1,0.324
main_road,0,0,rain,0.13,80,1,1,0.639
main_road,12,3,rain,0.26,20,1,4,0.339
main_road,22,1,clear,0.88,60,0,1,0.602
lane,18,5,rain,0.35,40,1,2,0.344
highway,23,2,fog,0.96,80,0,1,0.97
lane,18,1,clear,0.62,60,1,1,0.234
lane,16,5,clear,0.49,30,1,1,0.181
main_road,12,3,rain,0.62,60,1,2,0.535
main_road,15,6,clear,0.57,20,1,1,0.259
lane,7,3,clear,0.78,60,1,2,0.303
highway,18,4,clear,0.35,80,0,2,0.526
residential,17,0,clear,0.42,80,0,1,0.399
lane,0,4,rain,0.9,60,1,2,0.664
highway,13,2,rain,0.95,80,0,4,0.783
main_road,18,1,clear,0.9,30,1,1,0.279
main_road,14,2,fog,0.48,60,0,1,0.673
highway,17,6,fog,0.8,30,1,2,0.564
residential,1,5,fog,0.53,30,1,2,0.544
main_road,21,3,clear,0.55,40,1,1,0.196
main_road,16,4,clear,0.28,60,0,4,0.418
main_road,17,4,fog,0.63,80,0,2,0.767
highway,5,6,rain,0.27,30,1,2,0.665
lane,18,4,clear,0.4,40,1,4,0.105
main_road,3,6,clear,0.87,60,0,4,0.625
lane,0,2,clear,0.29,60,0,1,0.449
residential,7,3,fog,0.16,20,0,4,0.376
main_road,22,1,rain,0.16,20,0,1,0.583
main_road,6,5,clear,0.95,30,0,4,0.408
residential,2,1,clear,0.56,20,1,2,0.282
main_road,9,2,rain,0.47,30,0,1,0.524
lane,9,5,fog,0.83,80,1,1,0.555
highway,18,4,clear,0.85,30,1,1,0.358
lane,13,0,rain,0.4,20,0,4,0.341
highway,1,2,fog,0.72,80,0,2,0.912
highway,0,2,clear,0.79,20,1,1,0.432
lane,22,3,rain,0.69,30,0,1,0.54
lane,22,1,clear,0.24,40,1,1,0.177
lane,17,2,rain,0.89,60,0,1,0.614
lane,6,2,rain,0.59,20,0,2,0.362
residential,7,4,rain,0.35,30,0,4,0.393
main_road,0,4,rain,0.48,80,1,2,0.69
highway,22,5,clear,0.13,20,0,1,0.398
lane,2,6,fog,0.22,20,1,2,0.44
lane,23,6,rain,0.79,60,0,1,0.662
lane,22,0,clear,0.1,30,1,4,0.229
residential,7,6,rain,0.47,40,0,4,0.521
lane,21,3,rain,0.57,80,1,4,0.435
lane,14,0,clear,0.15,30,1,1,0.042
lane,4,5,fog,0.98,80,1,2,0.726
main_road,2,4,fog,0.3,20,1,4,0.551
residential,18,6,clear,0.37,60,1,1,0.286
lane,0,1,fog,0.37,60,1,1,0.639
highway,14,4,clear,0.31,40,0,2,0.471
highway,7,3,clear,0.1,60,1,4,0.212
highway,1,4,clear,0.76,20,1,1,0.39
residential,2,3,fog,0.97,40,1,2,0.743
residential,23,3,rain,0.3,30,0,4,0.517
highway,13,3,clear,0.7,60,0,2,0.564
lane,23,5,clear,0.77,40,0,2,0.446
residential,13,3,rain,0.86,20,1,1,0.399
highway,10,3,clear,0.48,80,0,1,0.471
highway,15,1,fog,0.37,80,0,1,0.737
lane,3,0,fog,0.39,20,1,2,0.541
main_road,19,2,rain,0.74,20,1,1,0.422
residential,4,0,fog,0.84,80,0,2,0.858
lane,21,3,clear,0.26,40,1,2,0.13
highway,20,1,fog,0.43,80,1,1,0.657
highway,13,4,rain,0.91,20,1,4,0.513
lane,22,1,rain,0.83,60,1,4,0.578
residential,15,3,clear,0.99,30,0,4,0.339
main_road,17,1,fog,0.78,60,1,2,0.579
main_road,6,6,clear,0.45,60,0,2,0.333
highway,9,1,clear,0.63,20,0,2,0.376
residential,6,3,clear,0.69,80,0,1,0.404
main_road,0,5,rain,0.17,40,0,2,0.644
residential,22,6,rain,0.59,60,1,1,0.663
residential,20,1,rain,0.74,80,1,1,0.501
highway,18,2,fog,0.25,40,1,4,0.537
main_road,15,2,clear,0.8,60,0,4,0.446
lane,18,1,rain,0.63,40,0,4,0.431
highway,3,5,clear,0.96,80,0,1,0.825
main_road,17,4,fog,0.14,30,1,1,0.415
main_road,1,3,fog,0.34,80,0,1,0.828
main_road,0,2,rain,0.64,20,1,2,0.527
main_road,14,4,rain,0.37,40,1,1,0.466
main_road,4,1,clear,0.74,30,1,4,0.38
residential,19,4,clear,0.78,40,1,4,0.272
highway,10,6,fog,0.19,40,0,1,0.603
residential,9,0,clear,0.56,60,1,1,0.316
lane,1,2,clear,0.56,20,0,4,0.305
main_road,2,1,clear,0.43,40,1,1,0.353
highway,22,3,fog,0.94,80,0,4,0.98
main_road,22,5,clear,0.84,80,0,2,0.668
highway,11,6,clear,0.73,60,1,4,0.383
residential,19,1,rain,0.74,20,1,2,0.479
highway,4,3,fog,0.52,20,1,1,0.723
lane,4,5,clear,0.93,80,0,1,0.601
lane,5,5,clear,0.73,30,1,2,0.32
highway,8,1,clear,0.76,60,1,1,0.392
highway,1,6,clear,0.88,60,0,2,0.628
highway,20,4,clear,0.35,80,1,1,0.395
highway,11,4,rain,0.83,80,0,4,0.805
lane,2,5,rain,0.28,30,1,1,0.488
main_road,19,4,rain,0.41,30,0,4,0.545
highway,21,0,clear,0.4,20,0,4,0.262
highway,11,5,fog,0.98,60,1,2,0.673
lane,23,5,clear,0.87,60,0,1,0.459
lane,16,3,fog,0.73,80,1,2,0.606
residential,9,4,rain,0.75,20,1,1,0.359
highway,23,6,clear,0.61,60,0,4,0.627
residential,13,5,rain,0.95,20,1,4,0.424
lane,22,6,clear,0.55,20,0,1,0.456
lane,16,0,rain,0.44,80,0,1,0.577
main_road,17,3,clear,0.25,20,0,2,0.24
highway,18,1,clear,0.81,30,0,1,0.366
residential,16,6,fog,0.76,30,0,1,0.616
lane,13,5,clear,0.45,40,0,1,0.235
lane,8,0,fog,0.12,80,0,2,0.634
residential,7,2,clear,0.86,40,0,1,0.398
main_road,1,0,rain,0.11,30,1,4,0.492
lane,12,0,rain,0.73,40,1,2,0.329
highway,6,3,rain,0.97,80,0,2,0.806
lane,8,1,clear,0.49,80,1,4,0.249
highway,21,2,clear,0.31,20,1,4,0.211
residential,21,4,clear,0.73,60,1,4,0.339
highway,10,4,clear,0.84,20,1,1,0.222
residential,13,6,rain,0.59,80,1,4,0.549
highway,3,0,fog,0.97,30,1,1,0.77
residential,12,3,fog,0.15,30,0,2,0.499
